username,gender,country,image
2muchachos,n,,https://lastfm-img2.akamaized.net/i/u/174s/872983a5b35942f6c287a8f565014e44.png
3yasindagibisin,n,Turkey,https://lastfm-img2.akamaized.net/i/u/174s/0bb9331470da4acdca29b00fc3948130.png
80sfever,n,Turkey,https://lastfm-img2.akamaized.net/i/u/174s/2cc67dc7cfc14454c4c3ee3c4fd7ecfc.png
absinthe,n,Russian Federation,https://lastfm-img2.akamaized.net/i/u/174s/0ab2786afdc14cf6cc7c8746408ff5fe.png
acemasiran,n,Turkey,https://lastfm-img2.akamaized.net/i/u/174s/e995cbcbfc7840cdc0e8b4d7bc685180.png
aftospiyoz,n,Turkey,https://lastfm-img2.akamaized.net/i/u/174s/e21ae2953ac843c6c374dcdc4dd7ed14.png
aktinmaz,n,Turkey,https://lastfm-img2.akamaized.net/i/u/174s/ea4d185e38ed418fc1f9f54d434a5d8b.png
alenoar,n,Germany,https://lastfm-img2.akamaized.net/i/u/174s/4f65ade6f2dc4269c241279ec554c22c.png
alexmcsmith,n,United Kingdom,https://lastfm-img2.akamaized.net/i/u/174s/7f137d3af0b20ebf4791dcd333393d00.png
aliceilasyon,n,Turkey,https://lastfm-img2.akamaized.net/i/u/174s/39058527efd447e8c735faa150d8e15d.png
AlienDisco,n,United Kingdom,https://lastfm-img2.akamaized.net/i/u/174s/66553b8594ec4977c968cffc1cd02474.png
amphibian,n,Turkey,https://lastfm-img2.akamaized.net/i/u/174s/4f08f3cc10f3417dc1f868e3a082583a.png
antipsisik,n,Turkey,https://lastfm-img2.akamaized.net/i/u/174s/74e70506a1054023c0bac60afa998c19.png
bandinHeaven,n,United States,https://lastfm-img2.akamaized.net/i/u/174s/50b8bd1a159b4a94cac81e348ec8a06d.png
bas,n,,https://lastfm-img2.akamaized.net/i/u/174s/80e95ab380594cc4ccab6cdbb270fe32.png
bautistici,n,Turkey,https://lastfm-img2.akamaized.net/i/u/174s/83f84ca74b9f4fb7cfe735fe2485cfed.png
bcaglar,n,South Georgia and the South Sandwich Islands,https://lastfm-img2.akamaized.net/i/u/174s/2bb5baba073d4578c51b98954bc77a83.png
beatricejuinot,n,Turkey,
Benemoti,n,,https://lastfm-img2.akamaized.net/i/u/174s/d7303c2e7e9f4c09ccfa34f1f67cf91c.png
berul,n,Turkey,https://lastfm-img2.akamaized.net/i/u/174s/ad9522f622174cb4cc1ea594a194a287.png
bindokuzyuzalti,n,,https://lastfm-img2.akamaized.net/i/u/174s/eb2be56755a9c55916ca5f17f8f66686.png
blessednight,n,Turkey,https://lastfm-img2.akamaized.net/i/u/174s/19328ae2271043ccc3bc3b2411b14c86.png
byzansia,n,Turkey,https://lastfm-img2.akamaized.net/i/u/174s/fa0d8a2faa321bb734c18fab999cba8c.png
calminjazz,n,Turkey,https://lastfm-img2.akamaized.net/i/u/174s/343e683f079a690751f9d04bb8c1be6c.png
canevrim,n,Turkey,https://lastfm-img2.akamaized.net/i/u/174s/233c538adfc34c4dcc699c16981c3cee.png
cemilhilton,n,United States,https://lastfm-img2.akamaized.net/i/u/174s/152276ed38414aaeca607ed0b73e2b3f.png
cemsheed,n,Turkey,https://lastfm-img2.akamaized.net/i/u/174s/e0207c353c304feacf5686ac7551f3f9.png
cerennnn,n,Turkey,https://lastfm-img2.akamaized.net/i/u/174s/02f16a657b764b47cbb3f2bd1c41242a.png
ceyceytoraman,n,Turkey,https://lastfm-img2.akamaized.net/i/u/174s/ce993b296cea40f7c00f7e0e51866a67.png
cgcore,n,Turkey,https://lastfm-img2.akamaized.net/i/u/174s/42c2d7f2f5984054c0d29b8d8fac2a06.png
champersnova,n,Turkey,https://lastfm-img2.akamaized.net/i/u/174s/14f759c08e904ea2ce7fb772acc80c62.png
charlottesmtmes,n,Turkey,https://lastfm-img2.akamaized.net/i/u/174s/b00bcc71e51a4443c4d2c0f4692ec128.png
chicken,n,Turkey,https://lastfm-img2.akamaized.net/i/u/174s/0c4b28c5e20b4a1aca8681b21e42933d.png
Chromechoes,n,Hungary,https://lastfm-img2.akamaized.net/i/u/174s/67b963d973984523c53b52aed930ad3f.png
chune,n,Turkey,https://lastfm-img2.akamaized.net/i/u/174s/ed9acbfecef2425cc257038777440376.png
citt,n,Turkey,https://lastfm-img2.akamaized.net/i/u/174s/c4304ccb30fa491dc903c0e1541a9597.png
ConflictOfSound,n,Germany,https://lastfm-img2.akamaized.net/i/u/174s/ba4a917d891961ff12e66e7082b5509e.png
ConMeo,n,Turkey,https://lastfm-img2.akamaized.net/i/u/174s/9a2d9252fcb4458ec588610ef5bbb0a8.png
ConnieFrancis,n,Netherlands,https://lastfm-img2.akamaized.net/i/u/174s/ebfa991be1e642ecc2a936c6880d4780.png
danaferhat,n,Turkey,https://lastfm-img2.akamaized.net/i/u/174s/7cdd782b8e1a4c40cc656d1025a388a8.png
daudetsollar,n,Turkey,https://lastfm-img2.akamaized.net/i/u/174s/df36bacc9d144af0ca8c635a564d4510.png
delizade,n,Turkey,https://lastfm-img2.akamaized.net/i/u/174s/fe53cb5574224681c63d2f110e2289da.png
dieridaaiidi,n,Turkey,https://lastfm-img2.akamaized.net/i/u/174s/b1fb89d78aaa4c98ccb8c8b8a13dde60.png
dinemm,n,Turkey,https://lastfm-img2.akamaized.net/i/u/174s/cdfe8134dd004f12cf26cc959cf6b647.png
dydemkyzen,n,,https://lastfm-img2.akamaized.net/i/u/174s/4d93918189f44524c5ad2a4621dffe73.png
eben,n,Turkey,https://lastfm-img2.akamaized.net/i/u/174s/30ea8cd0343344dfc4342f97c7571027.png
elmaaltshift,n,Turkey,https://lastfm-img2.akamaized.net/i/u/174s/312d7d9bd6be4b30cbe92e934fd6034a.png
erdekgallagher,n,Turkey,https://lastfm-img2.akamaized.net/i/u/174s/50652951abd16655bbd12e2851609a3c.png
etreh,n,Turkey,https://lastfm-img2.akamaized.net/i/u/174s/cd58e71fb995418bc1c3a2114ccb9a1d.png
Eustachi,n,Germany,https://lastfm-img2.akamaized.net/i/u/174s/7fcb27ec59e04f95cf7f2c372660c19f.png
ewrim,n,Turkey,https://lastfm-img2.akamaized.net/i/u/174s/0e1a953d837f435dc32288fb8c933f5f.png
fidaner,n,Turkey,https://lastfm-img2.akamaized.net/i/u/174s/0bcc402548ab4c7ecc7bce6b17047516.png
fingerbang,n,Turkey,https://lastfm-img2.akamaized.net/i/u/174s/4576aa9ced694931c9353271a8367049.png
FisytielNim,n,Turkey,https://lastfm-img2.akamaized.net/i/u/174s/ac12345434b33d8a6dcbd102d091f50b.png
foooof,n,Netherlands,https://lastfm-img2.akamaized.net/i/u/174s/d5e45de1425048b6c80a27b09e37e9df.png
ghotarutomoe,n,Germany,https://lastfm-img2.akamaized.net/i/u/174s/c9e580b7daf94d16cd2e78b8a3850a2f.png
girluknowitsdms,n,Turkey,https://lastfm-img2.akamaized.net/i/u/174s/72bb2fa7c12e49f1c9c6c0ef1edc600b.png
goned,n,Turkey,https://lastfm-img2.akamaized.net/i/u/174s/b6835473ce0241c3c19248a35a190e51.png
graceslick,n,Turkey,https://lastfm-img2.akamaized.net/i/u/174s/5459e555dbee4aadd0619557bc505626.png
GregorAlper,n,,https://lastfm-img2.akamaized.net/i/u/174s/05d32f5408d64bd7cb81f6044b72c5f6.png
gugli,n,Turkey,https://lastfm-img2.akamaized.net/i/u/174s/5ad396bf072e4962c912544f8e252df5.png
guguk,n,Turkey,https://lastfm-img2.akamaized.net/i/u/174s/3fa16c55b26840dec092c6837c8d2fad.png
HaruYume,n,New Zealand,https://lastfm-img2.akamaized.net/i/u/174s/43aab9ff39eef54216614f48e0196065.png
hayaled,n,Turkey,https://lastfm-img2.akamaized.net/i/u/174s/6907fb3048164dfacdf6cb4644147d69.png
hegotgame,n,Turkey,https://lastfm-img2.akamaized.net/i/u/174s/d5626268cab1492dc9ff0b7591f8d260.png
henrylee,n,Turkey,https://lastfm-img2.akamaized.net/i/u/174s/6705a4bd656d4113c1511068e7731989.png
hknack,n,United States,https://lastfm-img2.akamaized.net/i/u/174s/e31d8ccfc8fa4fe9cfea62b4c8b7ecbc.png
hobbycafe,n,Turkey,https://lastfm-img2.akamaized.net/i/u/174s/4475febbc1b54c06cc95fc6664d85861.png
hsupertramp,n,United States,https://lastfm-img2.akamaized.net/i/u/174s/90425f30ee8e431dc35f295b549424f8.png
husrev,n,Turkey,https://lastfm-img2.akamaized.net/i/u/174s/c28c651c039f48acc88baa0872f33acc.png
ilay13,n,Turkey,https://lastfm-img2.akamaized.net/i/u/174s/42fbc26f5ad64545c5cb3d2d2e5f0f89.png
insidiously,n,Germany,https://lastfm-img2.akamaized.net/i/u/174s/01ff2ac8309b4e73ceea3fea1860c704.png
Jander,n,,https://lastfm-img2.akamaized.net/i/u/174s/d45a99fa92134a2bca122f486805a21b.png
jooou,n,Turkey,https://lastfm-img2.akamaized.net/i/u/174s/aec88018132c4110c1b220d4c4283f0f.png
kargaIV,n,Turkey,https://lastfm-img2.akamaized.net/i/u/174s/2afeeec7566d4162c1e78fe5434a92bd.png
karol-hard,n,Brazil,https://lastfm-img2.akamaized.net/i/u/174s/8d22e782e3074da7cdb819564c61688e.png
kays el mecnun,n,Turkey,https://lastfm-img2.akamaized.net/i/u/174s/ac8005279463468fc63f35ed188f62cf.png
kivancbilgin,n,Turkey,https://lastfm-img2.akamaized.net/i/u/174s/d5f5b0507856469cc6411e5225c4067f.png
kizildeniz,n,Belgium,https://lastfm-img2.akamaized.net/i/u/174s/78970fb2e89a43bcc3e657daa024b3e5.png
kri5,n,Turkey,https://lastfm-img2.akamaized.net/i/u/174s/dbe52ef26c134265c2e3daab9445705d.png
kuzeyisiklari,n,,https://lastfm-img2.akamaized.net/i/u/174s/3adeb28b24434c98ccc86ff7e691c942.png
labalabala,n,Turkey,https://lastfm-img2.akamaized.net/i/u/174s/8a9c3627df9f436fc37d81eb6b08862e.png
lacrimosa112358,n,Macedonia,
lalalaboy,n,Turkey,https://lastfm-img2.akamaized.net/i/u/174s/ad997ab8a6014ac5caaf2363b4d933d8.png
LastEngineer,n,,https://lastfm-img2.akamaized.net/i/u/174s/880ad004528c4f3acfc8082ba199dff9.png
LayMalifalitiko,n,Turkey,https://lastfm-img2.akamaized.net/i/u/174s/11366300ad724620c61fa63abba65a9f.png
le,n,,https://lastfm-img2.akamaized.net/i/u/174s/555fe0df375f7556224f0e5b44bd1458.png
lodosimou,n,Netherlands,https://lastfm-img2.akamaized.net/i/u/174s/d926252b944d41a4c1211c7ada822d78.png
manasiyok,n,Turkey,
mavlu,n,Turkey,https://lastfm-img2.akamaized.net/i/u/174s/f5f4f54512784a87ca8832a05fb9f2af.png
mervefalan,n,,https://lastfm-img2.akamaized.net/i/u/174s/17dcec73096346d4c654904f8cbccf05.png
Minervz,n,Macedonia,https://lastfm-img2.akamaized.net/i/u/174s/66ba26d2c3044ddbcd29899a3e5cf99e.png
minoset,n,Turkey,https://lastfm-img2.akamaized.net/i/u/174s/9b51383fb0a64d65cda501b9d8eb96ee.png
misanthropology,n,,https://lastfm-img2.akamaized.net/i/u/174s/d4568f24e41b4bcecb11fe5cf8811b24.png
MissMcGee,n,Turkey,https://lastfm-img2.akamaized.net/i/u/174s/8238769efd304b97cb62d6c64cbd2b4c.png
moroxen,n,Austria,https://lastfm-img2.akamaized.net/i/u/174s/d1dea3b2c7b64e5ecea91c31497ba910.png
neverland-,n,Turkey,https://lastfm-img2.akamaized.net/i/u/174s/7e4443786afd45f0c5a8f2a893bf593b.png
NikaNaive,n,Russian Federation,https://lastfm-img2.akamaized.net/i/u/174s/3e8177bbe8e84ed7ce34af0146522fbd.png
oguzkalafat,n,Turkey,https://lastfm-img2.akamaized.net/i/u/174s/19742327744245d9c524a73f92a1109f.png
outdoor-miner,n,Turkey,https://lastfm-img2.akamaized.net/i/u/174s/b790d788f83f4c8dcc0c61ece2ac3fa6.png
owleyestheband,n,United States,https://lastfm-img2.akamaized.net/i/u/174s/20cf4d716ba6420dc26865091467fcc8.png
paranoiahasu,n,,https://lastfm-img2.akamaized.net/i/u/174s/205ff9289bf141cbc13c9b0fca46226d.png
pearlmode,n,,https://lastfm-img2.akamaized.net/i/u/174s/fabcda94b9af4044c0b633b511cc1f77.png
pelinkesebir,n,United States,https://lastfm-img2.akamaized.net/i/u/174s/7d328061d3d24ac1ca11075e26e49978.png
petulans,n,Colombia,https://lastfm-img2.akamaized.net/i/u/174s/f6099a2206e448a9c8a0520453615fc5.png
pixage,n,Turkey,https://lastfm-img2.akamaized.net/i/u/174s/d33b9e733c2143f4c34dbbbdbbb542b1.png
preludinfugue,n,,https://lastfm-img2.akamaized.net/i/u/174s/c791998254784a0acaad9d2eecd2d914.png
PrettyFace420,n,United States,https://lastfm-img2.akamaized.net/i/u/174s/88bf7f8ad0a54403c4c43437e65dc14d.png
quetuquepeque,n,Turkey,https://lastfm-img2.akamaized.net/i/u/174s/dc248ea190024636c688a3a13494b9dc.png
raisinsec,n,Turkey,https://lastfm-img2.akamaized.net/i/u/174s/cbe840c7e2ca4104c168fa0de156cb87.png
RemmiX,n,Netherlands,https://lastfm-img2.akamaized.net/i/u/174s/8dc3d1302add48bac86868eb08a0f9b7.png
Roninville,n,,https://lastfm-img2.akamaized.net/i/u/174s/ed068099af764a73cac51c1ebc39275d.png
saykokendi,n,Germany,https://lastfm-img2.akamaized.net/i/u/174s/7131dbe4d7ea47b1c7c90d5a1ae11512.png
scotus,n,,https://lastfm-img2.akamaized.net/i/u/174s/71ed6ce2e5544dc5cd35c7bca52657bd.png
Secret,n,Taiwan,https://lastfm-img2.akamaized.net/i/u/174s/b7a8de3199ed4513c5aa326e3ae3bce5.png
sekerlivanilin,n,,https://lastfm-img2.akamaized.net/i/u/174s/dffbff7d60e64e98ce8f59b04fa7b03c.png
selcukoz,n,Turkey,https://lastfm-img2.akamaized.net/i/u/174s/6438f9ee041b439ec344e19f119e2f02.png
seLfish-jean,n,Germany,https://lastfm-img2.akamaized.net/i/u/174s/9c0938a59ee641e9c1be5bb68f2579db.png
serhatguneysu,n,Turkey,https://lastfm-img2.akamaized.net/i/u/174s/deac4deb70f6468ec61b04f73bdd2c95.png
Serkan,n,Turkey,https://lastfm-img2.akamaized.net/i/u/174s/30aaf80fcde4484ec8f44bb77b9f7a25.png
sertergen,n,Turkey,https://lastfm-img2.akamaized.net/i/u/174s/85f1317d27474126c1b67876a164903f.png
sharonandhope,n,,https://lastfm-img2.akamaized.net/i/u/174s/908ab680fbfe4ec2cef4a7a37441a648.png
ShinjaSp,n,Spain,
sidargaba,n,Turkey,https://lastfm-img2.akamaized.net/i/u/174s/df020931baeb4f08cf02c2768a8373b3.png
silgi,n,United States,https://lastfm-img2.akamaized.net/i/u/174s/265d4941422a4d9dcde5891a0bbf81b4.png
Smyrna,n,Turkey,
sofaki76,n,Greece,https://lastfm-img2.akamaized.net/i/u/174s/35cf772df0d941b5c194d2da79e8c3a2.png
sokratesla,n,United States,https://lastfm-img2.akamaized.net/i/u/174s/853b1b88726c4f06cfb49451266acfad.png
SPERT11,n,Czech Republic,https://lastfm-img2.akamaized.net/i/u/174s/4fddea5cc55a4a7fcad46d388fe6ce31.png
springjail,n,Turkey,https://lastfm-img2.akamaized.net/i/u/174s/49fcf19f24da29a57eb73c71ca0b1062.png
Suallen,n,Turkey,https://lastfm-img2.akamaized.net/i/u/174s/f8f2912cb364481dc8b99b0e32add191.png
superdem,n,Turkey,https://lastfm-img2.akamaized.net/i/u/174s/4c688a591f814fc7cf7581ced05c8046.png
sutlu,n,Turkey,https://lastfm-img2.akamaized.net/i/u/174s/6e0a4dcc42914f66cf6cfca99acf1763.png
tahtabosa,n,Turkey,https://lastfm-img2.akamaized.net/i/u/174s/00423332a20c4cb7ccacff66fc52c8d4.png
terliyimopmiyim,n,Turkey,https://lastfm-img2.akamaized.net/i/u/174s/88f04986e8734d88cde007546206f382.png
thehiko,n,,https://lastfm-img2.akamaized.net/i/u/174s/51c4ac6f87a540ffc0f739767a3d3d7d.png
tigerfur,n,Turkey,https://lastfm-img2.akamaized.net/i/u/174s/a49b719503d24fb2cff8a99e68d88170.png
trurlist,n,United Kingdom,https://lastfm-img2.akamaized.net/i/u/174s/d37d663aeb194436c456e922ae4ff4d8.png
uluorta,n,Turkey,https://lastfm-img2.akamaized.net/i/u/174s/831d0c820993445ec4b6aa5ae94f8817.png
Upselon,n,Turkey,https://lastfm-img2.akamaized.net/i/u/174s/cbbf6cae14ee4fe6cf8c413d2fe98dc4.png
uturantekin,n,United Kingdom,https://lastfm-img2.akamaized.net/i/u/174s/1d425256dc6a493cc9ac4504171a832f.png
vikontt,n,Turkey,https://lastfm-img2.akamaized.net/i/u/174s/6f51cb5e275f4433c47df2edd73387ff.png
w00fer,n,Turkey,https://lastfm-img2.akamaized.net/i/u/174s/2ec25641688041bcc1a112604451da95.png
whatmatter,n,United States,
xyclob,n,Turkey,https://lastfm-img2.akamaized.net/i/u/174s/4c7d13f869ee48dcc845fce7cae44c37.png
YoncaLina,n,,https://lastfm-img2.akamaized.net/i/u/174s/0195a8007ea3477cc760c4e9d120a61f.png
zabaihutka,n,,https://lastfm-img2.akamaized.net/i/u/174s/6c09814250a44e95cee2787414465366.png
zikrah,n,Poland,https://lastfm-img2.akamaized.net/i/u/174s/7bab758204304fc6cfe9cd36fb0e2104.png
zuuma,n,United States,https://lastfm-img2.akamaized.net/i/u/174s/db3a5cacb0d84920c9d439f461f2783f.png
